{"FqBGmSPa/uzGUJVM0H1Uww==":"2-676x676.jpg","h0fSwwB8cxPo456TP9tH8w==":"3-361x361.jpg","ibz+kNYrrfeA0xnoTV2KPA==":"1-676x676.jpg","HYx9XXBGrOwYA8ZQV4lT2g==":"background-2000x1163.jpg","TXUAk9Mv2aUmSMZFiXxwoA==":"notre_choix-122x54.jpg","L0h0ahxlwIpsEglrR+eRsw==":"services%20de%20meltechno-676x326.jpg","IGp8A4S4j3t6NhiO0aBJJQ==":"6-800x800.jpg","XVni6mvUHGVjErQmk+4NLA==":"000maintenance-informatique-600x300.png","8xQYhOa/BMrA1DrXqiyiYg==":"background-1086x632.jpg","Rj+wvvWS9NMaH3tIlRsUUQ==":"6-626x626.jpg","GdCNyKdoqK8Dnzis4mgRDg==":"background-3417x1987.jpg","4wZIG61liD9tl+VlfBTneg==":"notre_choix-192x86.jpg"}